{"rtmdaily": 1440.0, "usddaily": 11.066156928, "usdprice": 0.0076848312, "btcprice": 1.2e-07, "mncount": 500, "totalsupply": 827327880.0, "pricebtcusd": 64040.26}